Unemployment Rate (%),Police Funding (Million $),Education Level (Years),Population Density (people/sq km),Crime Rate (per 1000)
5.993428306,59.26177548,14.79871087,1233.508323,-79.21552496
4.723471398,69.0941664,13.84926737,834.6442851,-101.1990778
6.295377076,36.01432426,12.11926074,754.540335,-48.24516955
8.046059713,55.62969237,10.70612644,998.9876628,-62.27866669
4.531693251,43.49357431,13.39644663,948.9446132,-68.92735604
4.531726086,45.12874616,12.78697077,864.0315852,-61.32478229
8.158425631,44.07606076,13.79038644,1208.916234,-45.03523506
6.534869458,41.3600923,13.2703436,1286.591563,-47.32982919
4.061051228,50.48521628,14.09910543,1026.522066,-67.91621194
6.085120087,41.69049884,10.92952958,1443.259024,-32.58641597
4.073164614,52.70456826,14.63478813,657.4932658,-90.99486881
4.068540493,49.49761891,12.39519921,941.9021622,-71.80678595
5.483924543,47.61051953,16.15052175,784.9533038,-75.41169483
1.173439511,40.92436338,10.62162436,440.0390149,-75.00821047
1.550164335,44.23228669,15.47192761,975.1957942,-68.99050215
3.875424942,57.55391226,12.39582157,963.4757475,-81.19585244
2.974337759,55.00917188,10.69716399,1454.034923,-67.22694827
5.628494665,40.22444755,11.03222833,1189.243505,-51.75008571
3.183951849,50.99332305,11.35930538,692.7439527,-72.6247706
2.175392597,57.51387123,12.84833189,1556.22777,-80.51302942
7.931297538,33.30594719,13.04567098,1366.310109,-24.6305048
4.548447399,55.43360192,10.85259999,1174.629311,-66.33078976
5.135056409,43.37376241,11.95129082,932.0547703,-48.11366763
2.150503628,55.70598669,16.28454072,712.168229,-101.977288
3.911234551,42.36740843,15.45508634,888.3379672,-80.05838311
5.221845179,31.95117899,12.87264734,1326.624586,-30.55478819
2.698012845,33.72457562,12.07600696,1565.375892,-26.33476507
5.751396037,50.48084947,12.24006265,1462.973058,-47.49301846
3.79872262,52.59722502,13.22703595,853.3451735,-75.83854101
4.4166125,40.95683375,9.95441487,664.11477,-57.27012839
3.796586776,56.38592459,11.48524693,1042.265874,-71.27868994
8.704556369,33.38479938,8.662831852,469.4681903,-36.76756086
4.973005551,49.33920201,12.79844625,1096.950314,-60.36588373
2.884578142,37.889838,13.29439188,955.7192241,-53.12807106
6.645089824,43.48163892,11.03362708,860.1890494,-44.84961253
2.5583127,50.47398671,15.14797353,521.5890798,-74.10190723
5.41772719,41.39586635,9.548468674,1154.080032,-39.89387482
1.080659752,46.15444456,9.07125024,840.1897481,-69.87321123
2.343627902,60.06292809,12.44890364,649.0249493,-95.10868828
5.393722472,44.2310813,14.09419661,138.321336,-84.43280056
6.47693316,58.35692112,15.36785538,991.7455285,-82.47894805
5.342736562,38.70293145,11.08223147,1531.675479,-35.60355305
4.768703435,55.29804178,14.15736167,1498.377764,-69.6085624
4.397792609,64.41568621,11.92298306,862.871123,-89.25692078
2.042956019,25.283555,11.6547454,819.3363819,-42.83132726
3.560311583,42.03104745,13.76731987,1140.632277,-51.4824773
4.078722458,55.77072127,13.30464576,700.4843682,-84.01848336
7.114244452,47.96954614,8.847215686,1090.53757,-46.54176743
5.687236579,53.71145873,14.9530807,1229.824084,-70.45463167
1.473919689,43.96014813,14.76018271,1368.079967,-62.90127579
5.648167939,50.86589787,10.7488746,969.9537771,-57.32752533
4.229835439,48.44322765,12.79160707,938.8978749,-71.11624286
3.646155999,61.67782062,12.98806037,736.605224,-96.11286164
6.223352578,52.54420843,12.52134753,751.9358938,-71.66886225
7.061999045,53.37602662,10.89938969,932.0563324,-68.76505015
6.862560238,45.88123034,10.65675326,1110.209652,-51.43976758
3.321564954,45.12393776,11.94889186,1274.075388,-58.5185921
4.381575248,45.67441812,14.34545804,759.0463148,-64.50494532
5.662526863,53.94452142,13.08720031,1447.806571,-59.83466411
6.951090254,45.79015519,11.25877134,918.6629197,-51.00829675
4.041651524,52.89774857,13.54339742,993.5898117,-70.18217708
4.628682047,70.75400799,6.302914759,775.8364963,-90.02092437
2.787330052,58.71124703,14.2975314,272.7279219,-100.8930605
2.607586752,46.73976468,8.520572442,1265.213619,-54.53986803
6.625051645,62.01213922,11.27511812,1221.053169,-69.945415
7.712480057,45.91924627,9.760660211,915.6017329,-49.86450829
4.855979757,29.61875465,9.410637049,1020.097215,-40.47360829
7.007065796,39.91913689,14.32165357,1154.781765,-45.0765756
5.72327205,31.29208079,11.0645976,531.2362429,-34.15903469
3.709760491,46.48486516,12.69300776,841.2841968,-62.52727085
5.722791211,50.18418379,11.90615884,1238.279404,-52.32764424
8.076073133,66.76437312,12.95408165,623.713173,-83.17158652
4.928347922,53.26927374,12.15364378,1088.06738,-67.22151886
8.129287312,47.80899471,9.434015552,593.0254586,-53.34657353
-0.239490208,58.29405581,13.99253364,1139.928995,-96.4343012
6.643805009,27.88864691,11.01248683,989.3075553,-25.72074218
5.174094136,52.35614558,8.886836203,515.4604552,-67.39754351
4.401985299,57.70865194,11.14376968,1349.421806,-62.63670305
5.183521553,35.21413754,15.00151958,779.622527,-52.37846166
1.024862171,61.43754043,13.70044348,756.9242689,-103.5950721
4.560656224,53.38496407,11.30269573,1060.170759,-67.79481392
5.714225143,45.84712086,11.30148459,1344.591205,-44.3331172
7.955788089,56.32781866,11.3567299,695.2534543,-76.65202851
3.963459563,72.70692858,16.15349597,1018.503955,-120.5878318
3.383012794,51.81866255,12.7638709,1128.64495,-73.2864825
3.996485913,52.48220586,12.86008329,1207.931682,-74.39894613
6.830804235,45.406391,14.06056691,1052.932467,-57.22035927
5.657502219,41.50155631,12.47757832,889.8916483,-53.17605306
3.940479592,58.30335817,11.48191571,751.7229338,-85.82921326
6.026534866,41.43916174,11.6073003,1025.843165,-39.51453765
5.194155099,50.71566237,11.85679748,678.3582964,-69.00373347
6.937289981,45.22342553,11.92555553,123.594855,-66.90011051
3.595893812,54.78979826,13.45525909,1130.967941,-72.57713958
4.344675707,53.33662105,12.10389177,1271.180452,-71.44924454
4.215783694,60.37539944,13.46528015,291.1202693,-93.82834407
2.072970104,44.89983601,11.83856684,697.0807886,-71.24518305
5.592240554,47.30125065,12.15727038,1185.746278,-51.42236642
5.522110544,40.21236284,8.003598631,1617.248641,-32.77372324
5.010226913,45.5570674,13.83265535,1006.238112,-68.61426264
4.530825733,53.77300493,12.69297695,781.5991176,-72.73155346
2.169258516,57.56988617,13.99602022,945.1310677,-87.05442516
4.158709354,40.77834676,6.207489244,1412.462926,-37.36736982
4.314570967,58.6960592,16.17674941,806.2107463,-95.6779752
3.395445462,63.55637859,11.72082074,760.242398,-87.7578511
4.677428577,54.13434903,14.21636563,855.1769433,-84.44548968
5.808101714,68.76795813,9.920188146,714.0014175,-83.07461522
8.772371802,42.26210801,13.22554781,1036.801095,-47.294224
5.349155626,37.55345297,9.893168874,1487.403538,-27.12901994
5.515100781,32.21279751,10.75246208,1096.923782,-32.98343482
4.851108168,64.96044311,15.82806271,924.2939494,-93.04164944
1.162457569,56.54365656,11.6186352,912.4566193,-89.03682016
4.946972249,49.44415329,12.43486575,531.0427574,-74.38815406
5.12046042,52.79968626,13.74013546,1264.932933,-65.81516452
9.926484225,38.74510953,12.99136378,976.6488409,-39.79889963
4.61527807,74.4575198,12.30083781,945.8560259,-99.82087886
5.603094685,51.29221182,12.729922,1957.93227,-48.99630011
4.930576461,51.09394795,16.80683117,1089.625873,-74.813337
2.662643925,57.25766624,11.88476241,774.462685,-91.15058557
7.285645629,54.81009232,12.40219809,872.0927211,-80.53241165
6.503866065,52.23884024,14.10130879,1344.533713,-61.11374431
6.582063894,42.09525545,14.21105187,1033.981123,-39.07609565
3.18122509,54.71468357,14.37406061,568.5166065,-85.98311774
7.805588622,68.82024496,13.27746044,1275.76868,-80.94945076
2.196297874,63.45420046,9.713990175,799.5567743,-93.34370608
6.173714188,65.93186627,15.26686306,1561.989333,-79.55826684
9.380911252,44.88784324,9.707309214,1324.01442,-29.38776556
3.01892735,40.1039518,12.60527093,865.8034313,-64.89768296
3.867404541,48.7421308,10.4914483,1384.304909,-49.23617253
5.19930273,50.55724912,11.87172331,1020.356653,-59.99737247
3.993048692,60.94191518,12.65752482,1255.832103,-76.04120566
1.898673138,33.0753537,12.64271443,1145.419845,-44.1016644
5.13712595,65.29550319,12.84384151,746.0930035,-93.1996166
2.875392573,48.41992101,15.22742254,806.9350503,-74.95554169
5.947184861,45.7311893,12.9070686,1308.988245,-47.430531
3.161151532,39.87895625,11.51168673,899.5674004,-57.13720878
8.09986881,33.45143328,13.92817434,878.905461,-39.02379181
3.433493415,58.23170584,14.37894098,713.4632262,-91.02641447
4.355876968,50.73317967,9.54478437,1127.07972,-51.83501219
6.627034435,37.100391,13.19480014,1618.757476,-35.97946934
2.538271367,37.04921228,13.40234548,679.7401257,-68.5065191
5.454919869,46.64215301,11.40487299,1007.265837,-55.43909494
7.614285509,66.69021525,14.75141363,1423.666167,-77.96753177
1.785033531,47.40408649,11.69988883,976.1075826,-68.76194681
5.369267717,34.96857047,12.25115291,1135.711539,-36.9133616
5.519765588,47.54256936,11.65385635,681.2819416,-65.55264242
6.563645744,47.2727643,12.0311581,1128.492129,-45.26136564
2.526098578,23.03113357,9.807449826,943.8567205,-35.71068976
2.359086774,49.45705133,9.119898235,1295.718999,-63.5762183
6.043883131,47.6906547,15.18901013,1356.215815,-57.1743104
5.593969346,56.96206365,10.3060773,1776.869093,-61.95190424
5.500985701,68.48956095,10.0172153,1173.889952,-83.66728791
5.692896419,61.2656503,7.693219773,1097.738895,-59.944097
3.639950557,47.31111309,10.7220765,1058.31529,-60.22023273
5.464507394,38.93474091,9.353820413,894.0501122,-41.68172324
5.586144947,75.73359803,15.28403032,1101.545153,-111.6799436
3.571297164,50.59218434,14.01963418,911.379577,-78.06786888
8.731549022,50.13929292,10.62369931,1050.538293,-51.12690698
5.947665842,49.75874913,16.50487161,1395.279261,-63.48785966
2.617393006,51.98084761,13.96353097,698.0372304,-77.67719076
6.313107217,48.55639588,11.35033723,1341.963568,-46.96821996
3.05063666,44.26337993,7.00118857,1395.13452,-48.90013644
6.574169207,44.53141059,16.58188515,964.5794419,-59.71426582
7.317191158,49.6724673,9.220855066,363.4435303,-61.23885826
3.358635363,44.56575229,8.709202506,817.6534039,-52.13731409
6.926752258,42.87154217,14.04514086,1389.098364,-35.9326675
5.825561854,51.06430228,16.87950481,993.1395813,-78.09145681
6.64412032,47.45022783,14.76854564,700.2093303,-70.830173
8.793585965,65.03992989,13.12781824,848.5675236,-86.75131223
4.509223768,23.49030192,13.18950868,1252.186008,-24.21317807
3.492527671,60.91506852,13.70683112,1164.02007,-82.69648872
3.220971141,62.46085192,13.51785718,928.3203702,-87.56099884
3.36837943,29.26609768,12.56238285,889.9526765,-41.49947551
4.845796581,46.57312406,12.20840221,882.4725553,-63.68888727
5.68230395,46.28559134,11.87481374,723.2769447,-60.9067738
5.553381599,35.92488305,10.49207082,1484.612707,-32.6947818
6.654366498,42.22183312,11.43864985,903.3038592,-37.73317909
5.026003784,38.89424155,8.614086372,1365.147556,-41.22687772
7.907068154,67.52270443,11.80332075,1456.394816,-71.11789448
4.470686334,59.35678393,10.02281779,1299.493269,-59.56085598
10.44033833,62.71555095,9.792821366,870.5139062,-64.89367681
6.251334696,57.21672064,12.3597883,1121.119027,-70.31846811
3.285684887,38.70948229,14.78400457,992.7413181,-59.70757867
2.858215004,44.75479734,13.83663321,728.8894418,-72.55498699
5.96494483,54.89374561,8.858998793,1097.307785,-53.35338345
4.553074429,37.77872191,10.02074373,646.2880627,-61.18389534
6.428000988,57.1299843,13.88154238,1356.303817,-59.3808134
5.946475249,47.59674602,10.03502521,860.6148108,-63.53323325
4.854342175,46.25179192,11.5507337,1060.347897,-58.04243247
3.306412564,57.10959968,13.1001042,1084.986361,-82.3918651
1.970305551,54.44263311,10.06331109,922.3285079,-74.49031869
4.106970096,46.39033834,12.21075101,1176.00814,-66.1565582
6.712797589,61.59329803,9.33194901,857.528903,-71.45401091
5.428187488,39.18936672,10.79726471,1261.389189,-28.74468514
2.508522443,56.15935607,12.63956387,596.2060959,-96.88434262
5.346361852,55.93101258,8.814012533,1037.913874,-63.77865006
5.770634759,46.90453561,12.88094948,1581.6787,-50.48313498
3.232285128,53.26133022,11.9607244,699.9006026,-77.98914067
5.307450212,37.48886424,13.10497991,796.6765088,-50.49163647
5.116417437,59.24027019,12.44782827,1154.172355,-78.53079696
2.714059404,48.15097864,14.72828086,1053.874535,-70.02399934
5.715574721,44.77276979,12.25044901,1105.18903,-43.3878074
6.121569053,60.49009226,11.14118892,1146.756139,-72.67220524
7.166102486,42.95656309,12.24459501,1190.416441,-40.01860867
7.107604104,35.91538704,13.08659606,1332.909953,-38.5316261
2.244661264,34.43370826,12.09772014,1122.945597,-51.43528883
3.12434992,56.06009951,12.08118338,927.6227036,-77.96498081
6.030070534,37.19570648,10.59601662,1201.77211,-27.43935901
6.027571902,67.54794182,10.67419816,1569.96458,-71.410235
6.030095373,29.18070592,9.194789456,960.2098761,-26.43144431
12.70546298,66.96456368,15.49915349,707.6412086,-79.17948235
6.141781021,52.11017467,9.512273529,1332.124201,-58.37402066
7.27113128,49.03286888,10.6141896,963.8856508,-50.66399904
6.908003527,44.55080913,10.56318547,348.1991362,-55.85292602
6.302782503,53.99136114,13.78984875,1254.226503,-66.83431332
4.369461511,49.62365298,11.41010064,839.4015442,-69.70947607
6.517938441,61.03301882,14.49548415,972.8400153,-80.20048974
3.454349571,51.14227649,10.65301875,1099.594099,-67.84812022
4.526362787,51.50301761,12.55798832,1057.149904,-67.97907971
4.029272904,46.36387788,10.32930589,1212.835545,-43.36129004
5.163748279,49.43054376,16.29029826,869.3540888,-75.08321405
9.629317133,53.07801769,9.624803162,1153.931739,-48.69174743
1.265469615,32.89831607,12.61964142,922.1359967,-55.5853372
6.372520381,36.51814578,13.26755376,1221.643144,-34.04094231
1.774568258,57.43264094,12.82759819,1184.610245,-83.69436899
4.056136268,51.70865438,11.62942468,719.3683894,-77.51291954
7.177901194,48.16016664,11.7403586,1325.794635,-41.06485072
5.128560038,50.18433933,12.08762294,839.2109665,-60.18384042
2.844510444,53.47581705,11.705996,1242.417339,-73.24595728
3.569392581,44.6024032,13.92775823,1110.186194,-71.17991939
6.359195498,42.21695275,16.421046,1551.455103,-41.02326412
3.539266737,51.95845255,10.88501643,932.9602053,-73.8538565
5.432917179,40.21627222,9.260394041,895.2049612,-40.68921766
5.09114368,54.08252756,11.8234359,994.1741182,-79.46426883
3.696799305,32.97416396,17.15941868,909.0460651,-50.04577738
9.287888179,60.29155637,10.39265086,1239.982571,-64.61517999
6.267838045,54.72597482,15.27823361,515.1068175,-79.88595838
0.949714827,52.56029734,15.35540163,683.8952743,-92.95283397
5.37290863,59.82690984,10.89282352,679.6591235,-86.58380053
3.67642707,66.65474444,13.13796616,1285.092278,-91.56210379
6.70486667,60.14370065,15.25679325,1513.184012,-66.91926494
3.414958523,31.59125769,11.24174452,968.6652344,-39.72272304
4.770527117,37.20423033,11.59283928,949.353483,-42.77130814
6.009974558,43.75181422,10.83663817,1021.015649,-38.9685581
6.731510388,50.2609105,9.970486539,1348.563491,-55.98774591
2.599407186,55.1765902,10.70144491,721.7940597,-73.8476095
4.330997528,42.74256187,9.552119466,1071.510695,-48.27309557
4.050109378,51.86766764,12.06816694,1292.559289,-68.43024167
3.693341535,42.44617068,10.46005354,1150.328251,-57.15434159
8.530908481,43.88482197,12.46757182,1056.874485,-44.97776341
5.809963422,35.93338903,8.888208708,1300.313828,-23.63208358
2.478232091,40.76766754,12.66176046,189.0303121,-75.89746532
6.835723894,36.48315394,13.66705792,1203.362596,-29.92864851
9.244312394,40.24126747,8.012528715,803.7772951,-39.834354
7.064930521,60.53641797,12.74811314,450.8101309,-86.15030379
1.961260068,40.50601111,14.45533798,1153.36078,-66.98066406
4.031531854,76.32382065,9.580717963,1412.097564,-91.49246065
7.533822298,54.93317901,15.34514477,958.7654456,-66.8788453
3.584661069,51.84836124,12.83803802,1285.862364,-69.08119637
5.887638856,41.4164222,10.58997629,1483.683477,-48.98906904
6.549268107,57.00309879,11.88846184,1394.474336,-60.7495401
3.146139057,44.24362174,13.11665383,1491.989359,-51.13684315
4.880949288,51.22009815,12.15201078,1222.638247,-60.0170822
-1.48253468,75.60084538,13.07751198,1022.630092,-117.3723833
2.951224717,49.039401,10.15865281,519.4102564,-79.98979625
4.494863697,61.49273326,12.33872165,926.1812536,-81.5072465
2.504433636,42.96823575,9.172571006,747.0260214,-54.38113674
8.264822608,49.6501151,11.77754788,1651.282815,-49.10308219
2.139717244,67.70800636,10.19218472,947.2342563,-94.98428298
4.119911027,43.73032942,10.52894011,1036.961442,-56.0753116
5.261481155,68.12448558,14.47218635,1165.445613,-92.44535872
7.882546578,57.07751935,14.18262024,1013.080734,-68.33388268
2.128275698,44.37533224,13.21827624,1508.515312,-58.88056033
7.326327504,56.32407739,9.815374471,813.2051915,-69.25231908
5.020466122,59.7255445,11.3671831,1058.382237,-75.92287776
3.036982698,56.21809962,14.4261954,777.2588243,-93.95964535
5.924206949,34.2977528,12.28343383,603.9932466,-51.59013672
5.398119391,42.72862824,16.63865908,816.4692727,-61.44965048
3.799566246,47.52481364,12.78663568,988.8889609,-71.42798405
5.13960417,49.25566571,12.38409823,871.2093326,-62.47713336
4.229372806,56.20672098,11.38176707,792.273706,-76.2270666
5.227034691,51.77701001,12.26708181,578.1047609,-83.58551299
6.324261349,36.64655641,11.69506033,975.0683282,-43.27362792
8.172033632,53.80197851,13.41621735,548.5838878,-66.0770768
2.524369002,56.10585745,13.91340463,1228.016789,-84.75798031
9.266066749,55.59790448,10.42802108,1024.731926,-58.28208142
1.095824401,60.80780726,9.337534093,562.7345502,-93.0343104
4.69642981,58.33922155,8.327589254,907.2372769,-68.01302331
6.176634413,54.59180079,13.01598265,774.3530783,-75.16039612
5.561983735,49.29834289,9.793266788,1095.752353,-57.92060061
3.75460096,33.39039066,7.694218814,1402.135134,-19.05566876
4.583755499,54.29618219,12.77715721,437.4482591,-75.80385771
4.013998131,52.07687687,16.98599903,1034.507824,-74.46087226
3.821270486,52.71578837,11.98785818,951.9601613,-72.11979351
6.699204194,37.23251424,13.67698155,1201.402023,-43.11841003
5.714030972,39.1894346,12.16365872,1063.958988,-48.84241868
3.614180809,60.53152853,11.80222069,774.4092005,-85.45843722
6.799199751,49.60444846,13.83815297,904.2838193,-61.50771188
5.614599042,56.81500697,11.41945091,761.192243,-68.98577733
6.625724238,50.28318376,12.53478463,1322.802142,-50.90887889
6.259257684,50.29756139,12.64339561,1006.393495,-69.34289188
3.342009978,59.38283806,10.66381909,1570.357206,-63.70898314
3.87963792,44.83955272,13.9840847,981.8017559,-68.94285274
6.49458721,50.96120777,11.65008049,787.4779699,-66.42850796
6.220740531,45.37724711,10.48850968,545.8856822,-58.21195376
4.958196812,45.65503773,13.07301969,459.0580971,-60.59450614
5.234654767,46.90827877,10.20306404,524.7592171,-49.0198048
7.555329792,52.22133772,12.05636231,1080.137995,-55.14236663
3.816857222,45.21251378,11.98176201,1152.617507,-58.19535598
6.094194762,62.55756126,14.17179113,525.6427894,-90.71195583
4.595614695,41.05392698,12.94939647,1268.511494,-43.8843323
4.564637594,48.13128356,11.94994608,855.0816845,-66.90460916
7.197553704,45.60268942,13.6355326,1044.037904,-44.22562336
6.650832698,64.46977884,14.7804151,1483.666188,-75.4893228
6.627019272,51.96554777,13.11562061,1269.051795,-56.42875372
7.610957614,60.31844539,12.02070524,919.4408056,-69.96776836
5.042007683,35.14439627,9.376327535,732.6423324,-39.58244672
6.363905943,52.67050266,9.869772674,354.4553796,-68.36977141
4.379466487,58.89630796,11.38955059,784.2540042,-85.3863495
5.648332705,50.82283989,10.7809756,936.6609284,-64.90950312
4.739713891,60.65480375,11.62605739,703.8461419,-91.43902707
5.19399193,44.8271155,12.11329985,960.6229099,-54.47533281
6.190314051,64.0934744,13.05938551,1023.055565,-79.33224665
3.363558634,72.98898124,11.85900244,932.5432055,-102.1710724
9.184774551,46.3716144,12.97300329,804.9992258,-43.47665783
2.987965237,45.54497479,12.12894883,1050.596402,-62.62751619
2.571622774,64.53384477,8.049066867,1132.582195,-79.18868039
7.316221747,65.79572146,10.12132921,672.8802768,-88.98847422
6.583325388,44.77139973,11.71182489,1423.279714,-44.30067744
6.248239634,45.79813183,9.580610514,970.4235603,-46.22753988
6.256691019,47.18215391,13.19985746,1005.654887,-54.04426444
4.975506454,36.55549489,15.06150166,1212.464327,-47.2502745
3.205491257,40.81348054,14.4375237,1069.964839,-59.43749391
5.151609116,39.95859233,11.57311426,1285.94099,-49.4998386
3.645676577,42.32202435,14.98145227,1086.13725,-62.57131235
6.950239467,49.65315113,12.29733491,816.2687876,-57.44638655
4.705885237,52.34214733,11.32582806,1108.451058,-62.00217516
3.349005606,65.50500493,10.77319467,656.8821378,-94.11590856
4.357228317,40.01645959,11.39506063,1032.567912,-48.84289902
5.825862909,59.84322398,11.22364636,990.0310028,-74.89860413
3.872550894,47.86011156,12.34083244,937.5649428,-69.40448638
3.355559209,49.5053629,12.32114796,961.4387466,-66.11074562
5.487374423,56.74819492,12.00609204,435.4452864,-81.85858275
5.489933142,38.77277978,12.87387634,835.3825277,-48.26937814
3.986113649,53.82409746,14.38129255,1027.85347,-79.61349515
4.057923389,51.66452208,13.89910827,1047.956918,-82.92880575
5.464099875,54.92451264,9.030204063,691.6974577,-64.73516475
2.103831317,52.89168644,6.89215773,1379.712352,-61.6102914
2.185072451,74.5530014,13.86863982,740.1475455,-122.5224923
3.563111557,43.62260016,9.266242603,1290.83716,-43.99291301
4.573105697,44.69003045,11.5504692,1128.158309,-55.81356401
5.621815131,43.76859474,9.659773948,806.131807,-46.68467654
7.950712434,44.44522881,8.396039125,1532.593268,-25.87088906
6.715319246,43.62612873,13.08292546,641.9089505,-55.20306064
4.68012294,61.89016531,13.51831032,1275.746252,-87.1463533
4.961967584,64.20504248,10.8469792,1300.174695,-71.05240553
2.994941271,44.29253706,6.817915416,798.8139373,-53.80728121
4.962973728,41.67644427,10.9075111,1417.73959,-42.93236132
4.422682722,54.71415556,12.78360801,924.9860456,-75.15373795
5.645437121,44.47776956,9.042176862,1086.608089,-55.01371109
3.345538113,56.32931818,12.36671984,1078.096552,-75.58560752
6.038693028,52.02923021,11.9693803,959.7073776,-69.81923682
8.065477826,34.84255885,13.158583,1243.242482,-36.28307259
4.782479703,65.47505201,12.23916074,1238.046616,-91.19432399
5.803423444,67.95877673,10.05386212,475.440408,-89.56336896
6.380287983,43.8721131,14.393143,1391.302073,-50.77386721
4.197559056,46.1229844,11.68294085,501.2524036,-62.26399452
5.448184964,52.85865391,11.94539092,1309.763861,-63.3179379
5.025184802,53.3445679,10.13346408,1338.011541,-66.98478458
5.195352197,56.58544273,11.1134355,672.7100709,-83.64739928
3.453980432,70.10204539,10.23039457,876.7557136,-91.53774356
5.049020349,48.23052773,11.65410788,668.2885995,-67.9206652
5.995996582,42.01702755,15.42341696,935.5236909,-59.91534817
7.902287216,36.20680772,9.256197714,907.5897147,-30.16385994
6.918541652,42.6906996,8.772877204,1233.89816,-33.63930198
9.306364915,49.66873027,14.94234065,1393.092624,-43.01983542
3.465304874,67.94557864,11.58135265,1418.705143,-79.06855961
6.744641273,44.82388701,10.66185452,831.349592,-53.49746713
5.366684011,52.23787952,14.07980937,937.2334379,-78.30195566
9.379605866,49.83577104,10.78876892,494.9685423,-60.36033176
3.383403429,61.88393273,15.65201943,758.2389801,-97.51354553
3.320556316,75.26932426,13.35585174,1289.45549,-108.6837058
3.801214709,44.69131227,11.02417718,1484.674847,-52.77393628
0.752208551,45.10560557,16.31461643,629.6953384,-83.71816938
3.948489957,60.44160877,10.78857015,822.2607223,-84.19213091
3.481734677,56.8189149,13.48419074,992.0782729,-81.74599937
5.300787573,68.46707326,12.59858516,1084.048348,-94.10692721
5.683511952,55.83928185,14.60348258,757.118944,-81.92497677
8.752341678,46.40707909,15.12302239,1127.218313,-55.67643784
6.900847676,55.90654831,12.0640083,857.8481959,-65.67734005
3.846192689,61.08703581,10.49316426,995.6643187,-75.98877111
3.203170657,58.20482181,12.91994429,1163.885274,-89.49084314
5.983838343,55.07274031,10.64456926,1001.926681,-70.55575464
2.359533586,60.6667469,16.0267745,869.0842328,-106.0760302
8.662917532,61.6929559,12.27307066,967.1170588,-75.00460108
7.358880241,63.82158991,11.2693569,973.4911122,-77.14182554
4.061648696,56.48709888,12.36936061,888.996691,-86.75271573
1.573730942,48.3288192,9.305747421,922.3611812,-72.54560625
7.707744748,51.46713686,10.05677192,1479.594151,-49.61891873
4.770920309,62.06508967,14.40082782,1168.275834,-83.18467587
7.475632624,41.83064329,10.68621144,911.3559046,-43.11765017
1.811144682,53.68673309,9.906178035,1209.086321,-74.33598299
3.801249954,46.06661188,13.07330551,899.8541531,-64.96159154
5.010487399,50.28744823,14.37140831,1351.937391,-64.83717936
5.093961188,62.78451863,13.43790662,1110.892658,-84.91113002
4.099869057,51.91099068,13.99209537,967.8093568,-65.827622
6.245699865,50.46436548,10.48640982,1134.315078,-48.54366146
2.864759141,36.40143859,9.156378667,528.7371544,-60.24380089
4.71524103,57.46253566,15.0026673,661.9697593,-84.66535773
5.240591263,56.45484181,11.35464032,641.8224981,-74.77633684
6.028877668,71.63254723,11.49833397,1042.882928,-97.24251365
6.423229756,46.92221765,14.65638828,1519.7545,-45.93743556
2.750715816,52.19150328,13.11246002,1669.390044,-55.18256703
1.931771659,52.49383684,12.91177554,1191.41533,-80.55340879
7.555353644,65.7745328,16.33000469,1150.253342,-90.2381949
5.664628024,49.04704468,10.71296354,459.6826798,-63.72064909
3.503026927,52.79021526,13.85568026,837.1978601,-78.28616886
8.102303951,56.0789651,12.11402625,763.6648744,-66.00890943
5.231349269,51.86609123,12.53718456,813.7457205,-69.20159766
7.358594368,45.53566385,15.05693685,949.5568544,-55.39696969
5.135036963,51.94089993,13.01567151,858.3728267,-78.00248614
9.12149585,60.7363175,13.07659216,406.2100569,-76.53238334
8.510681685,39.73484701,14.14501467,1224.373077,-32.0248433
4.502071703,51.32969674,11.27009454,678.1770923,-73.61193096
6.943141902,42.99879185,10.32158067,1071.774059,-43.09382697
6.290751899,61.95046629,9.910381612,1622.224801,-69.08524845
7.737263115,34.76813095,8.067286821,724.1846225,-28.02001449
3.070153079,44.41078153,16.11241426,240.9137432,-81.9519795
6.37210292,53.77211875,9.793583269,914.1987334,-63.15601632
7.116848974,65.65524029,11.55749275,1330.28789,-68.01977441
1.482521027,49.34249739,11.4463734,1587.504236,-62.37923123
2.633482975,44.44800473,12.6148134,631.1351217,-68.5554529
0.921535644,68.81157069,13.63147443,1149.009767,-109.8338243
4.461186331,35.519861,13.72094698,860.406863,-50.24774995
6.435084512,28.01194043,10.83384512,968.2154937,-25.88780878
8.004714104,54.4001445,11.66575657,1793.303004,-43.92498789
5.148189561,44.97945776,12.5651599,549.1089015,-68.02039437
8.257231091,39.78767183,11.50261775,1076.121898,-37.04997497
2.239797084,57.08356447,15.21469115,1140.307952,-82.39894288
1.593235121,52.43800714,12.9819499,1325.735897,-75.51030839
4.888904602,44.35921369,13.46975557,1029.394946,-66.25660446
5.768130898,37.19695601,13.32576254,1092.415162,-34.54634364
4.934610504,58.72457328,14.34694771,882.5054298,-77.41954485
0.8651158,56.50201178,12.36204312,1080.738082,-91.72830833
4.821759921,49.00824136,9.406336104,897.0423174,-56.47036912
2.391060999,68.46636996,12.7993759,1186.471567,-99.91056626
6.339345098,39.29915234,10.69728621,889.1168992,-42.22549158
5.733196492,34.74474829,10.94276664,1113.130118,-33.06934322
3.120240427,43.0809193,13.17272804,991.2211559,-62.95372963
3.972266165,49.54413984,14.47656614,1337.815075,-68.51507037
2.881572956,52.43339449,12.04254315,984.5818829,-77.85152678
4.874641805,47.58763942,12.61766603,468.0902595,-77.21202015
6.910284641,53.52055397,15.40442989,1378.57645,-66.94641884
3.028547907,37.48460576,12.48150636,728.2803097,-57.87456289
6.008093031,64.43764604,17.20336623,803.8700984,-100.5403204
3.939484763,49.17848822,13.13101929,821.3016118,-68.37502405
3.414254335,61.17295832,8.478474482,1412.331428,-62.7907641
4.78593928,53.42725346,13.50668324,359.2977358,-88.51074033
2.929515355,54.56753219,12.76231677,1941.32456,-58.56387206
3.892701389,55.6976728,14.57950551,1316.817043,-72.19264965
2.604244215,54.4770856,13.3463627,1066.971674,-76.89617632
8.929450266,56.4272276,11.72308803,983.5317998,-61.24825433
5.070527104,63.2915253,9.551403527,1085.666222,-73.40177715
3.600548984,51.9652117,11.58195349,1156.336729,-64.77209823
5.427959821,57.09003758,10.29895909,1193.564676,-72.26611368
4.775343901,49.10264306,10.8389531,1166.68134,-53.32643197
4.558060801,64.40117215,13.17715681,1026.874204,-84.30795117
6.2283334,43.23607698,15.33980901,940.7984739,-61.84919433
6.51501542,68.00940433,12.78934306,954.6180149,-88.76569688
3.938997705,49.59842049,9.608233876,941.5275159,-59.5499101
3.848363519,35.69224898,12.88920534,1340.131029,-42.0156421
4.449896606,51.28104415,14.39326297,1178.067017,-63.43217178
0.396157671,43.18948343,10.78043419,117.8834096,-70.97958984
1.969617876,58.40643549,11.73196567,1196.770233,-85.15925645
7.733748535,43.47376021,12.02937639,1058.420858,-51.80495333
8.289935427,45.53816567,10.43020337,994.3873731,-42.89100853
4.501927921,31.10459269,13.29656087,883.4444641,-38.4675252
6.153113926,45.47693681,11.7581037,1337.233816,-47.68192639
5.622500309,25.76120673,12.83906489,1284.257939,-14.50097686
11.15776162,34.16097177,10.22501564,768.1366997,-29.54849909
7.239149823,57.60414656,11.1250834,1122.115686,-61.03203033
4.744164817,57.85800159,13.44476272,708.5029796,-88.30327787
3.088919119,54.25457562,11.2543337,586.1145506,-74.30459292
1.787107359,40.33023857,15.4539277,811.9848326,-59.83961776
5.406927272,49.52288644,11.20072763,1258.718042,-59.1239252
3.487298509,49.96397461,12.44936945,1285.937514,-66.4118407
2.155492581,38.41635311,13.86518166,1153.925626,-51.51196329
3.706854232,65.03398302,9.163268534,1217.528736,-82.34202743
2.836903993,58.77362291,8.478382376,1154.853486,-73.7364735
8.37428327,47.79035826,8.948687371,807.5555214,-48.18200979
6.763279514,50.26885839,14.52516821,1129.576763,-71.17061597
4.984054717,52.08382808,10.89628371,1240.122858,-60.23287696
7.959888278,29.58265132,17.11639857,1226.287399,-33.65000017
5.154736615,47.52822617,10.8715048,1356.674011,-52.9032729
3.277431597,43.18015752,12.36910261,1212.491154,-48.2081636
8.046248155,39.9837999,15.08421991,1105.434462,-50.17924042
6.077820087,47.18899707,16.01218578,1321.045071,-54.08747953
2.925507691,67.97686527,16.12300715,992.0436222,-106.9887313
4.619322644,56.40842861,14.41673246,735.4376046,-86.27818866
3.248763493,44.2882101,14.04812505,951.0799108,-61.80881708
2.234400538,55.72582781,13.1850539,776.5292066,-86.0248073
